sample_id,label,measure,dai,my,hung,duan,agree
BDD01,traffic_light,count,3,4,2,4,0
BDD01,traffic_light,attr:needs_review,false|false|false,false|false|false|false,false|false,false|false|false|false,0
BDD01,traffic_light,attr:relevance,ego_lane|ego_lane|ego_lane,__undefined__|__undefined__|__undefined__|__undefined__,ego_lane|ego_lane,ego_lane|ego_lane|ego_lane|ego_lane,0
BDD01,traffic_light,attr:shape,arrow|circle|circle,arrow|arrow|circle|circle,circle|circle,circle|circle|other|other,0
BDD01,traffic_light,attr:state,green|green|red,red|red|red|red,green|green,green|green|red|red,0
BDD02,traffic_light,count,2,2,3,3,0
BDD02,traffic_light,attr:needs_review,false|false,false|false,false|false|false,false|false|false,0
BDD02,traffic_light,attr:relevance,ego_lane|ego_lane,__undefined__|__undefined__,ego_lane|ego_lane|other_lane,ego_lane|other_lane|other_lane,0
BDD02,traffic_light,attr:shape,circle|circle,circle|circle,circle|circle|circle,circle|undefined|undefined,0
BDD02,traffic_light,attr:state,green|green,red|red,red|red|red,red|unknown|unknown,0
BDD03,traffic_light,count,2,4,4,7,0
BDD03,traffic_light,attr:needs_review,false|false,false|false|false|false,false|false|false|false,false|false|false|false|false|false|false,0
BDD03,traffic_light,attr:relevance,ego_lane|ego_lane,__undefined__|__undefined__|__undefined__|__undefined__,ego_lane|ego_lane|other_lane|other_lane,ego_lane|ego_lane|ego_lane|ego_lane|ego_lane|ego_lane|ego_lane,0
BDD03,traffic_light,attr:shape,circle|circle,arrow|arrow|circle|circle,arrow|arrow|circle|circle,circle|circle|circle|undefined|undefined|undefined|undefined,0
BDD03,traffic_light,attr:state,green|green,red|red|red|red,green|green|red|red,green|green|green|green|off|red|red,0
BDD04,traffic_light,count,2,5,3,2,0
BDD04,traffic_light,attr:needs_review,false|false,false|false|false|false|false,false|false|false,false|false,0
BDD04,traffic_light,attr:relevance,ego_lane|ego_lane,__undefined__|__undefined__|__undefined__|other_lane|other_lane,ego_lane|ego_lane|other_lane,ego_lane|ego_lane,0
BDD04,traffic_light,attr:shape,circle|circle,circle|circle|circle|circle|circle,circle|circle|circle,arrow|circle,0
BDD04,traffic_light,attr:state,red|red,green|green|green|unknown|unknown,green|green|green,green|red,0
BDD05,traffic_light,count,6,12,2,1,0
BDD05,traffic_light,attr:needs_review,false|false|false|false|false|false,false|false|false|false|false|false|false|false|false|false|false|false,false|false,false,0
BDD05,traffic_light,attr:relevance,ego_lane|ego_lane|ego_lane|ego_lane|ego_lane|other_lane,__undefined__|__undefined__|__undefined__|__undefined__|__undefined__|__undefined__|__undefined__|other_lane|other_lane|other_lane|other_lane|other_lane,ego_lane|ego_lane,ego_lane,0
BDD05,traffic_light,attr:shape,circle|circle|circle|circle|circle|undefined,arrow|arrow|circle|circle|circle|circle|circle|circle|circle|circle|circle|circle,circle|circle,circle,0
BDD05,traffic_light,attr:state,green|green|green|green|off|unknown,green|green|green|green|off|red|red|unknown|unknown|unknown|unknown|unknown,green|green,red,0
