sample_id,decision_id,expected,severity,kind,peer_evidence,correct,note
000000,d1,"LABEL; 2 traffic_light boxes riêng biệt, cùng màu đỏ nhưng khác traffic flow",major,decision,traffic_light [needs_review=false;relevance=ego_lane;shape=arrow;state=red]×2 | traffic_light [needs_review=false;relevance=ego_lane;shape=circle;state=red]×2,1,peer vẽ đúng 4 box độc lập cho từng housing
000000,d2,"Đèn mũi tên: shape=arrow, relevance=other_lane; đèn tròn: shape=circle, relevance=ego_lane",critical,decision,traffic_light [needs_review=false;relevance=ego_lane;shape=arrow;state=red]×2 | traffic_light [needs_review=false;relevance=ego_lane;shape=circle;state=red]×2,0,peer gán nhầm relevance=ego_lane cho cả 2 đèn mũi tên rẽ trái thay vì other_lane
000001,d1,geometry: box ôm sát phần housing nhìn thấy ±2px không kéo trùm cây,minor,geometry,traffic_light [needs_review=false;relevance=ambiguous;shape=other;state=red] | traffic_light [needs_review=false;relevance=ego_lane;shape=circle;state=red]×2 | traffic_light [needs_review=false;relevance=other_lane;shape=other;state=red] | traffic_light [needs_review=false;relevance=undefined;shape=undefined;state=unknown],1,geometry box vẽ đúng phần vỏ visible không trùm cành cây
000001,d2,Nếu màu không rõ: state=unknown; không đoán phần bị che,major,decision,traffic_light [needs_review=false;relevance=ambiguous;shape=other;state=red] | traffic_light [needs_review=false;relevance=ego_lane;shape=circle;state=red]×2 | traffic_light [needs_review=false;relevance=other_lane;shape=other;state=red] | traffic_light [needs_review=false;relevance=undefined;shape=undefined;state=unknown],1,peer đã dùng state=unknown cho đèn không xác định được màu
000002,d1,LABEL; mỗi housing là một instance riêng,major,decision,traffic_light [needs_review=false;relevance=ego_lane;shape=circle;state=red]×4,1,peer tách 4 box riêng biệt không gộp gantry
000002,d2,Không gộp nhiều housing trong cùng gantry; state/shape/relevance phải phân biệt theo từng box,major,decision,traffic_light [needs_review=false;relevance=ego_lane;shape=circle;state=red]×4,1,peer phân tách đầy đủ các instance
000003,d1,LABEL hoặc IGNORE dựa trên kích thước thực tế ≥12×12px,major,decision,traffic_light [needs_review=false;relevance=ego_lane;shape=circle;state=green]×3,1,peer label 3 đèn chính đạt chuẩn kích thước
000003,d2,Không label các điểm sáng ở xa nếu không đủ evidence và size,minor,decision,traffic_light [needs_review=false;relevance=ego_lane;shape=circle;state=green]×3,1,peer không tạo box rác cho đốm sáng nhỏ <12px ở xa
000003,d3,state=unknown hoặc green nếu phân biệt được màu; needs_review=true cho đèn xa,major,decision,traffic_light [needs_review=false;relevance=ego_lane;shape=circle;state=green]×3,1,state=green đúng màu đèn chính
000007,d1,LABEL cả 2 housing nếu mỗi housing có đủ evidence,major,decision,traffic_light [needs_review=false;relevance=ego_lane;shape=circle;state=green]×2 | traffic_light [needs_review=false;relevance=undefined;shape=undefined;state=red],1,peer label đủ 2 housing chính
000007,d2,Relevance không phải do màu sắc; phải đánh giá theo lane/traffic flow thực tế,major,decision,traffic_light [needs_review=false;relevance=ego_lane;shape=circle;state=green]×2 | traffic_light [needs_review=false;relevance=undefined;shape=undefined;state=red],1,relevance=ego_lane chính xác cho làn xe chủ
000007,d3,Nếu không xác định được traffic flow thì relevance=ambiguous,critical,decision,traffic_light [needs_review=false;relevance=ego_lane;shape=circle;state=green]×2 | traffic_light [needs_review=false;relevance=undefined;shape=undefined;state=red],1,xác định đúng luồng giao thông
000007,d4,geometry: box ôm sát vỏ đèn ±2px không bao quầng sáng,minor,geometry,traffic_light [needs_review=false;relevance=ego_lane;shape=circle;state=green]×2 | traffic_light [needs_review=false;relevance=undefined;shape=undefined;state=red],1,geometry box ôm sát viền đèn
