sample_id,decision_id,expected,severity,rationale
000000,d1,"LABEL; 2 traffic_light boxes riêng biệt, cùng màu đỏ nhưng khác traffic flow","major","Hai đầu đèn có thể cùng màu nhưng điều khiển các hướng khác nhau; gộp thành 1 box hoặc gán cùng relevance là sai."
000000,d2,"Đèn mũi tên: shape=arrow, relevance=other_lane; đèn tròn: shape=circle, relevance=ego_lane","critical","Nếu xác định nhầm tín hiệu rẽ trái là ego_lane thì downstream sẽ sai quyết định nhường/không nhường."
000001,d1,"geometry: box ôm sát phần housing nhìn thấy ±2px không kéo trùm cây","minor","Một phần housing bị cây hoặc phương tiện che không làm object mất tính chất traffic_light nếu còn đủ evidence."
000001,d2,"Nếu màu không rõ: state=unknown; không đoán phần bị che","major","Không được tự suy đoán màu trong vùng bị che; chỉ label khi có bằng chứng rõ ràng."
000002,d1,"LABEL; mỗi housing là một instance riêng","major","Guideline yêu cầu mỗi đầu đèn vật lý là 1 instance, không gộp một gantry thành 1 box."
000002,d2,"Không gộp nhiều housing trong cùng gantry; state/shape/relevance phải phân biệt theo từng box","major","Nếu gộp nhiều đèn vào 1 box, model sẽ mất thông tin về direction và color của từng signal."
000003,d1,"LABEL hoặc IGNORE dựa trên kích thước thực tế ≥12×12px","major","Ngưỡng 12×12 px là ràng buộc bắt buộc theo guideline; object quá nhỏ không được annotate."
000003,d2,"Không label các điểm sáng ở xa nếu không đủ evidence và size","minor","Mục tiêu là loại object quá nhỏ khỏi dataset để tránh false positive."
000003,d3,"state=unknown hoặc green nếu phân biệt được màu; needs_review=true cho đèn xa","major","Đèn nhỏ/xa khó căn pixel bật needs_review để downstream kiểm duyệt."
000007,d1,"LABEL cả 2 housing nếu mỗi housing có đủ evidence","major","Không được coi 2 object giống nhau là duplicate."
000007,d2,"Relevance không phải do màu sắc; phải đánh giá theo lane/traffic flow thực tế","major","Dựa trên cùng màu xanh không thể suy ra cùng relevance nếu traffic flow khác nhau."
000007,d3,"Nếu không xác định được traffic flow thì relevance=ambiguous","critical","Khi không đủ evidence, quy tắc an toàn là ambiguity không được đoán mò."
000007,d4,"geometry: box ôm sát vỏ đèn ±2px không bao quầng sáng","minor","Đảm bảo bounding box chính xác kích thước vỏ đèn vật lý."
